{"cameraMode":{"drawMode":0,"name":"Shaded","section":"Shading Mode"},"sceneLighting":true,"audioPlay":false,"sceneViewState":{"m_AlwaysRefresh":false,"showFog":true,"showSkybox":true,"showFlares":true,"showImageEffects":true,"showParticleSystems":true,"showVisualEffectGraphs":true,"m_FxEnabled":true},"in2DMode":false,"pivot":{"x":36.40769958496094,"y":-16.875064849853517,"z":23.970643997192384},"rotation":{"x":-0.34771138429641726,"y":-0.48939934372901919,"z":0.22134491801261903,"w":-0.7686086893081665},"size":44.03473663330078,"orthographic":false}