{"cameraMode":{"drawMode":0,"name":"Shaded","section":"Shading Mode"},"sceneLighting":true,"audioPlay":false,"sceneViewState":{"m_AlwaysRefresh":false,"showFog":true,"showSkybox":true,"showFlares":true,"showImageEffects":true,"showParticleSystems":true,"showVisualEffectGraphs":true,"m_FxEnabled":true},"in2DMode":false,"pivot":{"x":256.20501708984377,"y":4.770515441894531,"z":243.36453247070313},"rotation":{"x":-0.349780410528183,"y":-0.002776877488940954,"z":0.0010501175420358778,"w":-0.9369029402732849},"size":187.21585083007813,"orthographic":false}